District,Start Date,Flood_Event
Alappuzha,1999-06-07,1
Alappuzha,1999-10-18,1
Alappuzha,2000-06-08,1
Alappuzha,2000-06-17,1
Alappuzha,2000-08-22,1
Alappuzha,2001-05-26,1
Alappuzha,2001-06-15,1
Alappuzha,2001-07-08,1
Alappuzha,2004-10-04,1
Alappuzha,2005-06-15,1
Alappuzha,2005-07-22,1
Alappuzha,2006-05-27,1
Alappuzha,2006-06-01,1
Alappuzha,2006-06-23,1
Alappuzha,2007-06-22,1
Alappuzha,2007-07-14,1
Alappuzha,2007-11-03,1
Alappuzha,2008-03-13,1
Alappuzha,2008-07-28,1
Alappuzha,2008-10-19,1
Alappuzha,2009-05-26,1
Alappuzha,2009-07-15,1
Alappuzha,2009-10-03,1
Alappuzha,2010-06-11,1
Alappuzha,2010-09-17,1
Alappuzha,2010-10-03,1
Alappuzha,2010-10-18,1
Alappuzha,2011-04-25,1
Alappuzha,2011-06-01,1
Alappuzha,2011-06-05,1
Alappuzha,2011-12-31,1
Alappuzha,2013-06-27,1
Alappuzha,2013-07-11,1
Alappuzha,2013-08-04,1
Alappuzha,2014-04-10,1
Alappuzha,2014-05-03,1
Alappuzha,2014-08-01,1
Alappuzha,2015-03-03,1
Alappuzha,2015-03-13,1
Alappuzha,2015-03-27,1
Alappuzha,2015-04-06,1
Alappuzha,2015-04-19,1
Alappuzha,2015-04-26,1
Alappuzha,2015-06-08,1
Alappuzha,2015-06-19,1
Alappuzha,2015-12-08,1
Alappuzha,2016-06-16,1
Alappuzha,2017-03-15,1
Alappuzha,2018-01-08,1
Alappuzha,2018-05-29,1
Alappuzha,2018-11-16,1
Alappuzha,2018-11-17,1
Alappuzha,2019-01-11,1
Alappuzha,2019-07-18,1
Alappuzha,2019-08-19,1
Alappuzha,2019-10-08,1
Alappuzha,2019-10-21,1
Alappuzha,2020-06-09,1
Alappuzha,2020-07-08,1
Alappuzha,2020-09-08,1
Alappuzha,2020-12-08,1
Alappuzha,2021-10-09,1
Alappuzha,2021-10-11,1
Alappuzha,2021-10-16,1
Alappuzha,2021-11-05,1
Alappuzha,2021-11-13,1
Alappuzha,2021-11-15,1
Alappuzha,2022-07-16,1
Alappuzha,2022-08-02,1
Alappuzha,2023-07-03,1
Ernakulam,1998-07-12,1
Ernakulam,1999-06-07,1
Ernakulam,1999-06-16,1
Ernakulam,1999-10-18,1
Ernakulam,2004-10-04,1
Ernakulam,2005-06-15,1
Ernakulam,2005-07-22,1
Ernakulam,2006-06-01,1
Ernakulam,2007-06-22,1
Ernakulam,2007-07-02,1
Ernakulam,2009-07-15,1
Ernakulam,2009-10-03,1
Ernakulam,2010-06-11,1
Ernakulam,2010-09-17,1
Ernakulam,2011-06-05,1
Ernakulam,2012-11-01,1
Ernakulam,2012-11-17,1
Ernakulam,2013-06-25,1
Ernakulam,2013-07-11,1
Ernakulam,2013-07-23,1
Ernakulam,2013-08-04,1
Ernakulam,2014-05-03,1
Ernakulam,2015-03-03,1
Ernakulam,2015-04-06,1
Ernakulam,2015-04-11,1
Ernakulam,2015-04-26,1
Ernakulam,2015-05-03,1
Ernakulam,2015-05-10,1
Ernakulam,2015-06-19,1
Ernakulam,2015-11-01,1
Ernakulam,2016-06-16,1
Ernakulam,2018-01-08,1
Ernakulam,2018-05-29,1
Ernakulam,2019-07-18,1
Ernakulam,2019-08-08,1
Ernakulam,2019-09-08,1
Ernakulam,2019-10-08,1
Ernakulam,2019-10-21,1
Ernakulam,2019-12-06,1
Ernakulam,2020-09-08,1
Ernakulam,2020-09-20,1
Ernakulam,2021-04-13,1
Ernakulam,2021-10-11,1
Ernakulam,2021-10-12,1
Ernakulam,2021-10-16,1
Ernakulam,2021-11-10,1
Ernakulam,2022-05-18,1
Ernakulam,2022-07-10,1
Ernakulam,2022-07-16,1
Ernakulam,2022-07-28,1
Ernakulam,2022-08-02,1
Idukki,1998-06-28,1
Idukki,1998-07-02,1
Idukki,1998-07-12,1
Idukki,1998-11-01,1
Idukki,1999-05-25,1
Idukki,1999-06-07,1
Idukki,1999-06-16,1
Idukki,1999-07-17,1
Idukki,1999-10-18,1
Idukki,2000-06-08,1
Idukki,2000-07-07,1
Idukki,2000-08-22,1
Idukki,2001-07-08,1
Idukki,2003-10-05,1
Idukki,2004-06-04,1
Idukki,2004-08-03,1
Idukki,2005-07-22,1
Idukki,2007-06-22,1
Idukki,2007-07-01,1
Idukki,2007-07-02,1
Idukki,2007-07-14,1
Idukki,2008-07-28,1
Idukki,2008-09-07,1
Idukki,2009-07-15,1
Idukki,2009-11-07,1
Idukki,2010-06-08,1
Idukki,2010-06-11,1
Idukki,2010-10-27,1
Idukki,2011-06-01,1
Idukki,2011-06-05,1
Idukki,2011-08-06,1
Idukki,2011-10-14,1
Idukki,2012-11-17,1
Idukki,2013-06-25,1
Idukki,2013-07-05,1
Idukki,2013-08-04,1
Idukki,2013-09-01,1
Idukki,2014-06-21,1
Idukki,2015-04-06,1
Idukki,2015-04-11,1
Idukki,2015-04-19,1
Idukki,2015-05-03,1
Idukki,2015-05-10,1
Idukki,2015-06-19,1
Idukki,2016-06-07,1
Idukki,2016-06-10,1
Idukki,2016-06-16,1
Idukki,2016-07-10,1
Idukki,2017-06-08,1
Idukki,2017-08-09,1
Idukki,2017-09-17,1
Idukki,2017-09-18,1
Idukki,2018-01-08,1
Idukki,2018-05-29,1
Idukki,2018-11-16,1
Idukki,2019-01-11,1
Idukki,2019-07-18,1
Idukki,2019-07-28,1
Idukki,2019-08-08,1
Idukki,2019-09-08,1
Idukki,2019-10-08,1
Idukki,2019-10-21,1
Idukki,2020-06-08,1
Idukki,2021-05-20,1
Idukki,2021-08-03,1
Idukki,2021-09-27,1
Idukki,2021-10-11,1
Idukki,2021-10-16,1
Idukki,2022-05-20,1
Idukki,2022-07-04,1
Idukki,2022-07-05,1
Idukki,2022-07-15,1
Idukki,2022-07-16,1
Idukki,2022-08-29,1
Kannur,1999-06-07,1
Kannur,1999-07-17,1
Kannur,1999-10-09,1
Kannur,1999-10-18,1
Kannur,2000-06-08,1
Kannur,2000-08-22,1
Kannur,2002-07-12,1
Kannur,2002-10-13,1
Kannur,2003-06-18,1
Kannur,2004-06-04,1
Kannur,2004-07-04,1
Kannur,2004-08-03,1
Kannur,2005-06-15,1
Kannur,2005-10-22,1
Kannur,2006-05-27,1
Kannur,2006-06-01,1
Kannur,2006-07-01,1
Kannur,2007-06-22,1
Kannur,2007-07-14,1
Kannur,2009-07-15,1
Kannur,2010-10-22,1
Kannur,2011-08-06,1
Kannur,2011-10-31,1
Kannur,2012-08-04,1
Kannur,2013-03-12,1
Kannur,2014-07-12,1
Kannur,2014-08-01,1
Kannur,2015-04-19,1
Kannur,2015-04-26,1
Kannur,2015-05-03,1
Kannur,2015-05-10,1
Kannur,2015-06-08,1
Kannur,2015-07-18,1
Kannur,2015-08-12,1
Kannur,2015-09-27,1
Kannur,2016-04-14,1
Kannur,2016-06-10,1
Kannur,2018-01-08,1
Kannur,2018-05-29,1
Kannur,2019-06-20,1
Kannur,2019-07-18,1
Kannur,2019-08-08,1
Kannur,2019-09-08,1
Kannur,2019-10-08,1
Kannur,2019-10-21,1
Kannur,2019-11-20,1
Kannur,2020-09-20,1
Kannur,2020-09-21,1
Kannur,2021-10-11,1
Kannur,2021-10-12,1
Kannur,2021-11-10,1
Kannur,2021-11-14,1
Kannur,2022-03-24,1
Kannur,2022-07-01,1
Kannur,2022-07-02,1
Kannur,2022-07-07,1
Kannur,2022-07-16,1
Kannur,2022-08-01,1
Kannur,2022-08-02,1
Kannur,2023-07-03,1
Kasaragod,1998-07-02,1
Kasaragod,1999-06-07,1
Kasaragod,1999-06-16,1
Kasaragod,1999-07-17,1
Kasaragod,1999-08-02,1
Kasaragod,1999-10-18,1
Kasaragod,2000-07-01,1
Kasaragod,2000-08-22,1
Kasaragod,2001-06-08,1
Kasaragod,2002-10-12,1
Kasaragod,2002-10-13,1
Kasaragod,2003-06-18,1
Kasaragod,2003-07-06,1
Kasaragod,2003-07-15,1
Kasaragod,2004-08-03,1
Kasaragod,2005-06-15,1
Kasaragod,2006-05-27,1
Kasaragod,2007-06-14,1
Kasaragod,2007-06-22,1
Kasaragod,2008-03-13,1
Kasaragod,2008-09-07,1
Kasaragod,2009-07-15,1
Kasaragod,2010-06-11,1
Kasaragod,2010-10-22,1
Kasaragod,2011-07-16,1
Kasaragod,2013-06-17,1
Kasaragod,2013-06-24,1
Kasaragod,2014-04-10,1
Kasaragod,2014-07-12,1
Kasaragod,2014-08-01,1
Kasaragod,2015-04-19,1
Kasaragod,2015-05-10,1
Kasaragod,2015-05-15,1
Kasaragod,2015-06-19,1
Kasaragod,2016-06-26,1
Kasaragod,2016-07-10,1
Kasaragod,2018-01-08,1
Kasaragod,2018-05-29,1
Kasaragod,2019-06-20,1
Kasaragod,2019-07-18,1
Kasaragod,2019-08-08,1
Kasaragod,2019-10-08,1
Kasaragod,2019-10-21,1
Kasaragod,2020-09-21,1
Kasaragod,2021-01-03,1
Kasaragod,2022-03-24,1
Kasaragod,2022-07-16,1
Kollam,1998-10-10,1
Kollam,1999-02-05,1
Kollam,1999-06-07,1
Kollam,1999-07-17,1
Kollam,1999-10-18,1
Kollam,2000-07-07,1
Kollam,2000-08-22,1
Kollam,2001-05-26,1
Kollam,2001-06-15,1
Kollam,2001-07-08,1
Kollam,2002-06-11,1
Kollam,2003-10-05,1
Kollam,2004-06-04,1
Kollam,2004-08-03,1
Kollam,2005-06-01,1
Kollam,2005-06-15,1
Kollam,2005-07-01,1
Kollam,2005-07-22,1
Kollam,2005-10-08,1
Kollam,2006-05-27,1
Kollam,2006-06-01,1
Kollam,2006-09-25,1
Kollam,2007-02-26,1
Kollam,2007-07-02,1
Kollam,2008-03-13,1
Kollam,2008-07-28,1
Kollam,2009-05-26,1
Kollam,2009-07-15,1
Kollam,2009-10-03,1
Kollam,2011-06-01,1
Kollam,2011-12-31,1
Kollam,2012-04-07,1
Kollam,2012-09-04,1
Kollam,2012-11-01,1
Kollam,2013-06-25,1
Kollam,2013-07-11,1
Kollam,2015-04-06,1
Kollam,2015-04-11,1
Kollam,2015-05-10,1
Kollam,2015-05-15,1
Kollam,2015-06-08,1
Kollam,2016-06-10,1
Kollam,2016-06-16,1
Kollam,2018-01-08,1
Kollam,2018-05-29,1
Kollam,2019-07-18,1
Kollam,2019-10-08,1
Kollam,2019-10-21,1
Kollam,2020-09-08,1
Kollam,2020-09-22,1
Kollam,2021-10-11,1
Kollam,2021-10-16,1
Kollam,2021-11-10,1
Kollam,2022-07-16,1
Kollam,2022-08-01,1
Kollam,2022-08-02,1
Kottayam,1998-07-02,1
Kottayam,1998-10-10,1
Kottayam,1999-05-25,1
Kottayam,1999-06-07,1
Kottayam,1999-10-18,1
Kottayam,2000-08-08,1
Kottayam,2000-08-22,1
Kottayam,2001-04-07,1
Kottayam,2001-07-08,1
Kottayam,2002-08-16,1
Kottayam,2003-07-04,1
Kottayam,2003-07-06,1
Kottayam,2004-06-04,1
Kottayam,2005-06-15,1
Kottayam,2005-07-22,1
Kottayam,2006-05-27,1
Kottayam,2006-09-25,1
Kottayam,2006-11-25,1
Kottayam,2007-06-22,1
Kottayam,2007-07-14,1
Kottayam,2008-03-13,1
Kottayam,2008-07-28,1
Kottayam,2008-09-07,1
Kottayam,2008-10-19,1
Kottayam,2009-05-26,1
Kottayam,2009-09-18,1
Kottayam,2010-06-11,1
Kottayam,2010-09-24,1
Kottayam,2010-10-18,1
Kottayam,2011-06-01,1
Kottayam,2011-06-05,1
Kottayam,2011-08-06,1
Kottayam,2012-06-12,1
Kottayam,2012-11-17,1
Kottayam,2013-07-11,1
Kottayam,2014-08-01,1
Kottayam,2014-08-22,1
Kottayam,2015-03-03,1
Kottayam,2015-03-13,1
Kottayam,2015-04-26,1
Kottayam,2015-05-07,1
Kottayam,2015-06-19,1
Kottayam,2016-06-07,1
Kottayam,2016-06-16,1
Kottayam,2017-09-17,1
Kottayam,2017-09-18,1
Kottayam,2018-01-08,1
Kottayam,2018-05-29,1
Kottayam,2019-07-18,1
Kottayam,2019-10-07,1
Kottayam,2019-10-08,1
Kottayam,2019-10-21,1
Kottayam,2020-09-08,1
Kottayam,2020-12-08,1
Kottayam,2021-10-11,1
Kottayam,2021-10-12,1
Kottayam,2021-10-16,1
Kottayam,2021-10-23,1
Kottayam,2021-11-05,1
Kottayam,2021-11-10,1
Kottayam,2022-03-27,1
Kottayam,2022-07-16,1
Kottayam,2022-08-01,1
Kottayam,2022-08-02,1
Kottayam,2023-07-03,1
Kozhikode,1998-10-10,1
Kozhikode,1999-06-07,1
Kozhikode,1999-06-16,1
Kozhikode,1999-08-02,1
Kozhikode,1999-10-18,1
Kozhikode,2000-08-22,1
Kozhikode,2001-04-07,1
Kozhikode,2001-05-26,1
Kozhikode,2001-06-15,1
Kozhikode,2002-06-11,1
Kozhikode,2002-08-16,1
Kozhikode,2002-10-13,1
Kozhikode,2003-06-18,1
Kozhikode,2004-06-04,1
Kozhikode,2004-08-03,1
Kozhikode,2005-07-01,1
Kozhikode,2005-07-07,1
Kozhikode,2005-07-20,1
Kozhikode,2006-05-23,1
Kozhikode,2006-05-27,1
Kozhikode,2006-06-01,1
Kozhikode,2006-06-23,1
Kozhikode,2007-06-22,1
Kozhikode,2007-07-14,1
Kozhikode,2008-03-13,1
Kozhikode,2008-10-19,1
Kozhikode,2009-07-05,1
Kozhikode,2009-07-15,1
Kozhikode,2009-10-03,1
Kozhikode,2010-05-29,1
Kozhikode,2010-06-11,1
Kozhikode,2010-09-17,1
Kozhikode,2010-10-22,1
Kozhikode,2010-11-20,1
Kozhikode,2011-06-01,1
Kozhikode,2011-06-29,1
Kozhikode,2011-07-16,1
Kozhikode,2011-08-28,1
Kozhikode,2012-08-04,1
Kozhikode,2013-06-25,1
Kozhikode,2014-04-10,1
Kozhikode,2014-05-03,1
Kozhikode,2014-07-12,1
Kozhikode,2014-08-01,1
Kozhikode,2015-04-11,1
Kozhikode,2015-05-10,1
Kozhikode,2016-05-31,1
Kozhikode,2016-09-18,1
Kozhikode,2017-05-11,1
Kozhikode,2017-08-09,1
Kozhikode,2017-09-18,1
Kozhikode,2018-01-08,1
Kozhikode,2018-05-29,1
Kozhikode,2019-07-18,1
Kozhikode,2019-08-08,1
Kozhikode,2019-10-08,1
Kozhikode,2019-10-21,1
Kozhikode,2020-03-07,1
Kozhikode,2020-11-08,1
Kozhikode,2021-04-10,1
Kozhikode,2021-04-19,1
Kozhikode,2021-10-11,1
Kozhikode,2021-10-12,1
Kozhikode,2021-11-02,1
Kozhikode,2022-05-18,1
Kozhikode,2022-07-16,1
Kozhikode,2023-07-03,1
Malappuram,1998-07-02,1
Malappuram,1998-07-12,1
Malappuram,1998-10-10,1
Malappuram,1999-06-07,1
Malappuram,1999-06-16,1
Malappuram,1999-08-02,1
Malappuram,1999-10-18,1
Malappuram,2000-08-22,1
Malappuram,2001-06-15,1
Malappuram,2004-06-04,1
Malappuram,2004-08-03,1
Malappuram,2005-07-07,1
Malappuram,2006-05-27,1
Malappuram,2006-06-23,1
Malappuram,2006-06-29,1
Malappuram,2007-06-22,1
Malappuram,2007-07-14,1
Malappuram,2007-11-03,1
Malappuram,2008-03-13,1
Malappuram,2008-09-01,1
Malappuram,2008-10-19,1
Malappuram,2009-10-03,1
Malappuram,2010-06-11,1
Malappuram,2010-10-03,1
Malappuram,2010-10-22,1
Malappuram,2011-06-01,1
Malappuram,2011-06-05,1
Malappuram,2011-07-16,1
Malappuram,2011-08-28,1
Malappuram,2011-10-21,1
Malappuram,2014-05-03,1
Malappuram,2014-07-12,1
Malappuram,2014-08-01,1
Malappuram,2015-03-03,1
Malappuram,2015-04-11,1
Malappuram,2015-04-19,1
Malappuram,2015-04-26,1
Malappuram,2015-05-10,1
Malappuram,2015-11-01,1
Malappuram,2016-06-16,1
Malappuram,2016-06-26,1
Malappuram,2018-01-08,1
Malappuram,2018-05-29,1
Malappuram,2018-10-21,1
Malappuram,2019-04-24,1
Malappuram,2019-06-14,1
Malappuram,2019-08-08,1
Malappuram,2019-09-08,1
Malappuram,2019-10-08,1
Malappuram,2019-10-21,1
Malappuram,2019-11-20,1
Malappuram,2019-12-06,1
Malappuram,2019-12-09,1
Malappuram,2020-02-01,1
Malappuram,2020-11-09,1
Malappuram,2021-10-11,1
Malappuram,2021-10-20,1
Malappuram,2022-07-16,1
Malappuram,2022-07-19,1
Malappuram,2022-07-20,1
Malappuram,2022-08-01,1
Malappuram,2022-08-02,1
Malappuram,2023-07-10,1
Palakkad,1998-07-02,1
Palakkad,1998-11-11,1
Palakkad,1999-06-07,1
Palakkad,1999-06-16,1
Palakkad,1999-07-17,1
Palakkad,1999-10-18,1
Palakkad,2000-08-22,1
Palakkad,2002-08-16,1
Palakkad,2003-07-06,1
Palakkad,2003-10-23,1
Palakkad,2004-06-04,1
Palakkad,2004-08-03,1
Palakkad,2005-06-15,1
Palakkad,2006-06-01,1
Palakkad,2006-09-25,1
Palakkad,2007-06-22,1
Palakkad,2008-03-13,1
Palakkad,2008-07-28,1
Palakkad,2008-08-10,1
Palakkad,2008-10-19,1
Palakkad,2009-11-07,1
Palakkad,2010-06-11,1
Palakkad,2010-11-20,1
Palakkad,2011-08-28,1
Palakkad,2013-06-25,1
Palakkad,2014-08-01,1
Palakkad,2015-04-06,1
Palakkad,2015-04-19,1
Palakkad,2015-05-03,1
Palakkad,2015-05-07,1
Palakkad,2015-05-10,1
Palakkad,2015-06-19,1
Palakkad,2018-01-08,1
Palakkad,2018-05-29,1
Palakkad,2019-08-08,1
Palakkad,2019-09-08,1
Palakkad,2019-10-08,1
Palakkad,2019-10-21,1
Palakkad,2020-09-21,1
Palakkad,2021-04-22,1
Palakkad,2021-10-11,1
Palakkad,2021-10-12,1
Palakkad,2021-10-16,1
Palakkad,2021-10-20,1
Palakkad,2022-03-23,1
Palakkad,2022-07-16,1
Pathanamthitta,1998-07-12,1
Pathanamthitta,1998-10-10,1
Pathanamthitta,1998-11-11,1
Pathanamthitta,1999-06-07,1
Pathanamthitta,1999-06-16,1
Pathanamthitta,1999-07-17,1
Pathanamthitta,1999-10-18,1
Pathanamthitta,2000-07-07,1
Pathanamthitta,2000-08-22,1
Pathanamthitta,2006-09-25,1
Pathanamthitta,2007-06-22,1
Pathanamthitta,2007-07-14,1
Pathanamthitta,2007-11-03,1
Pathanamthitta,2008-03-13,1
Pathanamthitta,2008-07-28,1
Pathanamthitta,2008-09-01,1
Pathanamthitta,2009-07-15,1
Pathanamthitta,2009-10-03,1
Pathanamthitta,2010-06-11,1
Pathanamthitta,2010-10-18,1
Pathanamthitta,2010-11-20,1
Pathanamthitta,2010-11-27,1
Pathanamthitta,2011-06-01,1
Pathanamthitta,2011-06-05,1
Pathanamthitta,2011-08-06,1
Pathanamthitta,2012-04-23,1
Pathanamthitta,2012-11-17,1
Pathanamthitta,2013-06-25,1
Pathanamthitta,2013-07-29,1
Pathanamthitta,2014-08-01,1
Pathanamthitta,2014-08-22,1
Pathanamthitta,2015-03-03,1
Pathanamthitta,2015-03-27,1
Pathanamthitta,2015-04-11,1
Pathanamthitta,2015-04-19,1
Pathanamthitta,2015-04-26,1
Pathanamthitta,2015-06-19,1
Pathanamthitta,2015-09-05,1
Pathanamthitta,2015-11-01,1
Pathanamthitta,2016-06-10,1
Pathanamthitta,2017-04-08,1
Pathanamthitta,2018-01-08,1
Pathanamthitta,2018-05-29,1
Pathanamthitta,2019-07-18,1
Pathanamthitta,2019-10-08,1
Pathanamthitta,2019-10-21,1
Pathanamthitta,2020-03-05,1
Pathanamthitta,2020-10-08,1
Pathanamthitta,2020-12-08,1
Pathanamthitta,2021-10-11,1
Pathanamthitta,2021-10-12,1
Pathanamthitta,2021-10-23,1
Pathanamthitta,2022-07-16,1
Pathanamthitta,2022-08-01,1
Pathanamthitta,2022-08-02,1
Pathanamthitta,2023-07-03,1
Thiruvananthapuram,1998-05-15,1
Thiruvananthapuram,1998-07-02,1
Thiruvananthapuram,1998-10-10,1
Thiruvananthapuram,1998-11-01,1
Thiruvananthapuram,1999-06-07,1
Thiruvananthapuram,1999-07-17,1
Thiruvananthapuram,1999-10-18,1
Thiruvananthapuram,2000-04-08,1
Thiruvananthapuram,2000-07-07,1
Thiruvananthapuram,2000-08-22,1
Thiruvananthapuram,2001-07-08,1
Thiruvananthapuram,2001-09-22,1
Thiruvananthapuram,2001-11-10,1
Thiruvananthapuram,2002-10-13,1
Thiruvananthapuram,2003-06-18,1
Thiruvananthapuram,2003-10-05,1
Thiruvananthapuram,2004-06-04,1
Thiruvananthapuram,2004-07-07,1
Thiruvananthapuram,2004-07-19,1
Thiruvananthapuram,2005-02-01,1
Thiruvananthapuram,2005-03-15,1
Thiruvananthapuram,2005-04-06,1
Thiruvananthapuram,2005-04-12,1
Thiruvananthapuram,2005-04-15,1
Thiruvananthapuram,2005-05-17,1
Thiruvananthapuram,2005-06-01,1
Thiruvananthapuram,2005-06-15,1
Thiruvananthapuram,2005-07-22,1
Thiruvananthapuram,2005-09-07,1
Thiruvananthapuram,2005-10-08,1
Thiruvananthapuram,2005-12-08,1
Thiruvananthapuram,2006-05-27,1
Thiruvananthapuram,2006-06-23,1
Thiruvananthapuram,2006-09-22,1
Thiruvananthapuram,2006-09-25,1
Thiruvananthapuram,2006-10-18,1
Thiruvananthapuram,2006-10-28,1
Thiruvananthapuram,2006-11-08,1
Thiruvananthapuram,2006-11-21,1
Thiruvananthapuram,2007-06-22,1
Thiruvananthapuram,2007-07-14,1
Thiruvananthapuram,2007-09-09,1
Thiruvananthapuram,2007-10-21,1
Thiruvananthapuram,2007-11-03,1
Thiruvananthapuram,2008-03-13,1
Thiruvananthapuram,2008-04-08,1
Thiruvananthapuram,2008-07-11,1
Thiruvananthapuram,2008-07-28,1
Thiruvananthapuram,2008-08-31,1
Thiruvananthapuram,2008-09-01,1
Thiruvananthapuram,2008-10-19,1
Thiruvananthapuram,2009-05-26,1
Thiruvananthapuram,2009-07-15,1
Thiruvananthapuram,2009-10-03,1
Thiruvananthapuram,2009-11-07,1
Thiruvananthapuram,2010-06-11,1
Thiruvananthapuram,2010-07-19,1
Thiruvananthapuram,2010-10-03,1
Thiruvananthapuram,2010-10-18,1
Thiruvananthapuram,2010-10-27,1
Thiruvananthapuram,2010-11-08,1
Thiruvananthapuram,2010-11-16,1
Thiruvananthapuram,2010-11-20,1
Thiruvananthapuram,2010-11-27,1
Thiruvananthapuram,2010-12-08,1
Thiruvananthapuram,2011-04-28,1
Thiruvananthapuram,2011-06-01,1
Thiruvananthapuram,2011-06-05,1
Thiruvananthapuram,2011-08-06,1
Thiruvananthapuram,2011-08-28,1
Thiruvananthapuram,2011-10-31,1
Thiruvananthapuram,2011-11-26,1
Thiruvananthapuram,2011-12-31,1
Thiruvananthapuram,2012-07-02,1
Thiruvananthapuram,2012-11-01,1
Thiruvananthapuram,2012-11-11,1
Thiruvananthapuram,2012-11-17,1
Thiruvananthapuram,2013-03-26,1
Thiruvananthapuram,2013-05-05,1
Thiruvananthapuram,2013-06-02,1
Thiruvananthapuram,2013-06-08,1
Thiruvananthapuram,2013-06-11,1
Thiruvananthapuram,2013-07-05,1
Thiruvananthapuram,2013-07-19,1
Thiruvananthapuram,2013-08-02,1
Thiruvananthapuram,2013-09-17,1
Thiruvananthapuram,2014-04-10,1
Thiruvananthapuram,2014-04-19,1
Thiruvananthapuram,2014-05-03,1
Thiruvananthapuram,2014-06-12,1
Thiruvananthapuram,2014-08-01,1
Thiruvananthapuram,2014-08-22,1
Thiruvananthapuram,2014-09-01,1
Thiruvananthapuram,2014-09-26,1
Thiruvananthapuram,2015-03-13,1
Thiruvananthapuram,2015-04-11,1
Thiruvananthapuram,2015-04-19,1
Thiruvananthapuram,2015-04-26,1
Thiruvananthapuram,2015-05-03,1
Thiruvananthapuram,2015-05-15,1
Thiruvananthapuram,2015-06-08,1
Thiruvananthapuram,2015-06-19,1
Thiruvananthapuram,2015-09-05,1
Thiruvananthapuram,2015-10-08,1
Thiruvananthapuram,2015-10-30,1
Thiruvananthapuram,2015-11-01,1
Thiruvananthapuram,2015-12-08,1
Thiruvananthapuram,2016-06-07,1
Thiruvananthapuram,2016-06-10,1
Thiruvananthapuram,2016-06-16,1
Thiruvananthapuram,2017-02-11,1
Thiruvananthapuram,2017-03-06,1
Thiruvananthapuram,2017-05-06,1
Thiruvananthapuram,2017-05-09,1
Thiruvananthapuram,2017-05-11,1
Thiruvananthapuram,2017-08-09,1
Thiruvananthapuram,2017-09-17,1
Thiruvananthapuram,2017-09-18,1
Thiruvananthapuram,2017-10-22,1
Thiruvananthapuram,2018-01-08,1
Thiruvananthapuram,2018-03-18,1
Thiruvananthapuram,2018-05-13,1
Thiruvananthapuram,2018-05-16,1
Thiruvananthapuram,2018-05-21,1
Thiruvananthapuram,2018-05-29,1
Thiruvananthapuram,2019-01-11,1
Thiruvananthapuram,2019-04-24,1
Thiruvananthapuram,2019-04-28,1
Thiruvananthapuram,2019-05-24,1
Thiruvananthapuram,2019-07-08,1
Thiruvananthapuram,2019-07-18,1
Thiruvananthapuram,2019-08-08,1
Thiruvananthapuram,2019-08-19,1
Thiruvananthapuram,2019-09-08,1
Thiruvananthapuram,2019-09-26,1
Thiruvananthapuram,2019-10-08,1
Thiruvananthapuram,2019-10-17,1
Thiruvananthapuram,2019-10-21,1
Thiruvananthapuram,2019-10-22,1
Thiruvananthapuram,2019-10-30,1
Thiruvananthapuram,2019-11-11,1
Thiruvananthapuram,2019-11-20,1
Thiruvananthapuram,2020-02-01,1
Thiruvananthapuram,2020-02-06,1
Thiruvananthapuram,2020-04-24,1
Thiruvananthapuram,2020-05-16,1
Thiruvananthapuram,2020-05-22,1
Thiruvananthapuram,2020-06-09,1
Thiruvananthapuram,2020-07-05,1
Thiruvananthapuram,2020-08-08,1
Thiruvananthapuram,2020-09-10,1
Thiruvananthapuram,2020-09-22,1
Thiruvananthapuram,2020-09-23,1
Thiruvananthapuram,2020-10-29,1
Thiruvananthapuram,2020-11-09,1
Thiruvananthapuram,2021-04-02,1
Thiruvananthapuram,2021-04-11,1
Thiruvananthapuram,2021-05-12,1
Thiruvananthapuram,2021-05-18,1
Thiruvananthapuram,2021-05-23,1
Thiruvananthapuram,2021-06-05,1
Thiruvananthapuram,2021-09-27,1
Thiruvananthapuram,2021-10-05,1
Thiruvananthapuram,2021-10-09,1
Thiruvananthapuram,2021-10-11,1
Thiruvananthapuram,2021-10-12,1
Thiruvananthapuram,2021-10-16,1
Thiruvananthapuram,2021-10-18,1
Thiruvananthapuram,2021-10-20,1
Thiruvananthapuram,2021-11-10,1
Thiruvananthapuram,2021-11-13,1
Thiruvananthapuram,2021-11-14,1
Thiruvananthapuram,2021-11-15,1
Thiruvananthapuram,2021-11-17,1
Thiruvananthapuram,2021-11-30,1
Thiruvananthapuram,2022-07-16,1
Thiruvananthapuram,2022-08-01,1
Thiruvananthapuram,2022-08-02,1
Thiruvananthapuram,2022-09-04,1
Thrissur,1998-07-12,1
Thrissur,1999-06-07,1
Thrissur,1999-07-17,1
Thrissur,1999-10-18,1
Thrissur,2000-08-22,1
Thrissur,2001-07-08,1
Thrissur,2002-06-11,1
Thrissur,2003-10-02,1
Thrissur,2004-06-04,1
Thrissur,2004-10-04,1
Thrissur,2005-07-22,1
Thrissur,2006-05-27,1
Thrissur,2006-06-01,1
Thrissur,2007-06-22,1
Thrissur,2008-03-13,1
Thrissur,2008-10-19,1
Thrissur,2009-07-05,1
Thrissur,2009-07-15,1
Thrissur,2009-10-03,1
Thrissur,2010-06-11,1
Thrissur,2010-10-03,1
Thrissur,2010-10-18,1
Thrissur,2011-06-01,1
Thrissur,2011-06-05,1
Thrissur,2011-08-28,1
Thrissur,2011-10-21,1
Thrissur,2012-04-24,1
Thrissur,2013-06-08,1
Thrissur,2014-04-10,1
Thrissur,2014-05-03,1
Thrissur,2014-08-01,1
Thrissur,2015-03-03,1
Thrissur,2015-03-13,1
Thrissur,2015-05-03,1
Thrissur,2015-05-07,1
Thrissur,2015-05-10,1
Thrissur,2015-06-08,1
Thrissur,2015-06-19,1
Thrissur,2016-06-16,1
Thrissur,2017-09-18,1
Thrissur,2018-01-08,1
Thrissur,2018-05-29,1
Thrissur,2019-07-18,1
Thrissur,2019-08-08,1
Thrissur,2019-09-08,1
Thrissur,2019-10-08,1
Thrissur,2019-10-21,1
Thrissur,2020-09-20,1
Thrissur,2021-10-02,1
Thrissur,2021-10-11,1
Thrissur,2021-10-12,1
Thrissur,2021-10-17,1
Thrissur,2021-11-10,1
Thrissur,2021-11-14,1
Thrissur,2021-11-15,1
Thrissur,2021-11-17,1
Thrissur,2022-05-17,1
Thrissur,2022-05-20,1
Thrissur,2022-07-16,1
Thrissur,2022-08-02,1
Thrissur,2023-07-23,1
Wayanad,1998-07-02,1
Wayanad,1998-10-10,1
Wayanad,1999-06-07,1
Wayanad,1999-10-18,1
Wayanad,2000-08-22,1
Wayanad,2001-06-15,1
Wayanad,2004-07-07,1
Wayanad,2004-08-03,1
Wayanad,2005-04-06,1
Wayanad,2005-04-15,1
Wayanad,2005-05-02,1
Wayanad,2005-05-29,1
Wayanad,2005-06-01,1
Wayanad,2005-07-07,1
Wayanad,2005-07-22,1
Wayanad,2005-10-02,1
Wayanad,2005-10-07,1
Wayanad,2005-10-08,1
Wayanad,2005-10-22,1
Wayanad,2006-03-05,1
Wayanad,2006-05-27,1
Wayanad,2006-06-01,1
Wayanad,2006-07-01,1
Wayanad,2006-07-04,1
Wayanad,2006-07-05,1
Wayanad,2006-08-13,1
Wayanad,2006-11-04,1
Wayanad,2007-04-21,1
Wayanad,2007-06-07,1
Wayanad,2007-06-10,1
Wayanad,2007-06-22,1
Wayanad,2007-06-28,1
Wayanad,2007-07-02,1
Wayanad,2007-07-04,1
Wayanad,2007-07-14,1
Wayanad,2007-07-26,1
Wayanad,2007-11-03,1
Wayanad,2008-03-13,1
Wayanad,2008-04-23,1
Wayanad,2008-07-28,1
Wayanad,2008-08-10,1
Wayanad,2008-10-19,1
Wayanad,2009-07-05,1
Wayanad,2009-07-11,1
Wayanad,2009-07-20,1
Wayanad,2009-12-27,1
Wayanad,2010-05-03,1
Wayanad,2010-06-11,1
Wayanad,2010-10-03,1
Wayanad,2010-10-22,1
Wayanad,2010-11-20,1
Wayanad,2011-04-14,1
Wayanad,2011-04-21,1
Wayanad,2011-06-01,1
Wayanad,2011-06-17,1
Wayanad,2011-07-16,1
Wayanad,2011-08-28,1
Wayanad,2011-10-10,1
Wayanad,2011-10-14,1
Wayanad,2011-10-31,1
Wayanad,2012-04-09,1
Wayanad,2012-06-06,1
Wayanad,2012-07-28,1
Wayanad,2012-08-04,1
Wayanad,2013-03-09,1
Wayanad,2013-03-29,1
Wayanad,2013-04-26,1
Wayanad,2013-05-03,1
Wayanad,2013-06-08,1
Wayanad,2013-07-01,1
Wayanad,2013-07-11,1
Wayanad,2013-08-01,1
Wayanad,2013-08-10,1
Wayanad,2013-09-12,1
Wayanad,2014-03-07,1
Wayanad,2014-03-25,1
Wayanad,2014-04-10,1
Wayanad,2014-04-19,1
Wayanad,2014-05-03,1
Wayanad,2014-06-06,1
Wayanad,2014-07-12,1
Wayanad,2014-08-01,1
Wayanad,2014-08-22,1
Wayanad,2015-04-11,1
Wayanad,2015-04-26,1
Wayanad,2015-05-10,1
Wayanad,2015-06-19,1
Wayanad,2015-09-27,1
Wayanad,2016-06-07,1
Wayanad,2016-06-10,1
Wayanad,2016-06-16,1
Wayanad,2016-06-26,1
Wayanad,2016-07-02,1
Wayanad,2016-07-10,1
Wayanad,2017-05-09,1
Wayanad,2017-08-28,1
Wayanad,2017-09-18,1
Wayanad,2018-01-08,1
Wayanad,2018-04-22,1
Wayanad,2018-05-29,1
Wayanad,2018-12-28,1
Wayanad,2019-03-09,1
Wayanad,2019-03-12,1
Wayanad,2019-04-08,1
Wayanad,2019-04-19,1
Wayanad,2019-04-24,1
Wayanad,2019-04-28,1
Wayanad,2019-05-16,1
Wayanad,2019-05-19,1
Wayanad,2019-06-14,1
Wayanad,2019-07-18,1
Wayanad,2019-08-08,1
Wayanad,2019-08-19,1
Wayanad,2019-08-22,1
Wayanad,2019-09-08,1
Wayanad,2019-10-08,1
Wayanad,2019-10-11,1
Wayanad,2019-10-21,1
Wayanad,2020-05-08,1
Wayanad,2020-06-08,1
Wayanad,2020-08-08,1
Wayanad,2020-09-20,1
Wayanad,2020-10-08,1
Wayanad,2021-01-10,1
Wayanad,2021-04-18,1
Wayanad,2021-04-20,1
Wayanad,2021-06-16,1
Wayanad,2021-06-21,1
Wayanad,2021-07-14,1
Wayanad,2021-07-17,1
Wayanad,2021-07-21,1
Wayanad,2022-06-16,1
Wayanad,2022-07-16,1
Wayanad,2022-08-02,1
Wayanad,2023-07-23,1
